22-Feb-16 12:00 AM,z,
22-Feb-16 12:43 PM,z,
22-Feb-16 12:59 PM,z,
22-Feb-16 02:29 PM,z,
22-Feb-16 02:43 PM,z,
22-Feb-16 03:19 PM,z,
22-Feb-16 03:57 PM,z,
22-Feb-16 08:41 PM,z,
22-Feb-16 08:43 PM,m,
22-Feb-16 09:03 PM,z,
22-Feb-16 09:05 PM,m,
22-Feb-16 09:49 PM,z,
22-Feb-16 10:21 PM,z,
22-Feb-16 10:33 PM,z,
22-Feb-16 11:19 PM,z,
23-Feb-16 06:57 AM,z,
23-Feb-16 08:25 AM,z,
23-Feb-16 08:29 AM,m,
23-Feb-16 08:33 AM,m,
23-Feb-16 09:39 AM,z,
23-Feb-16 09:41 AM,m,
23-Feb-16 10:09 AM,m,
23-Feb-16 10:29 AM,z,
23-Feb-16 11:41 AM,z,
23-Feb-16 12:31 PM,m,
23-Feb-16 12:59 PM,z,
23-Feb-16 01:01 PM,m,
23-Feb-16 03:01 PM,z,
23-Feb-16 03:03 PM,m,
23-Feb-16 03:19 PM,m,
23-Feb-16 03:37 PM,z,
23-Feb-16 03:59 PM,z,
23-Feb-16 04:51 PM,z,
23-Feb-16 05:51 PM,z,
23-Feb-16 05:57 PM,z,
23-Feb-16 06:25 PM,z,
23-Feb-16 06:55 PM,m,
23-Feb-16 07:15 PM,z,
23-Feb-16 07:17 PM,m,
23-Feb-16 07:49 PM,z,
23-Feb-16 07:51 PM,m,
23-Feb-16 08:03 PM,z,
23-Feb-16 08:05 PM,m,
23-Feb-16 08:53 PM,z,
23-Feb-16 09:01 PM,z,
23-Feb-16 09:37 PM,z,
23-Feb-16 09:43 PM,z,
23-Feb-16 09:57 PM,z,
23-Feb-16 10:25 PM,z,
23-Feb-16 10:55 PM,z,
23-Feb-16 11:03 PM,z,
24-Feb-16 03:53 AM,z,
24-Feb-16 04:01 AM,z,
24-Feb-16 06:55 AM,z,
24-Feb-16 07:59 AM,z,
24-Feb-16 08:23 AM,z,
24-Feb-16 08:29 AM,z,
24-Feb-16 10:23 AM,z,
24-Feb-16 10:29 AM,z,
24-Feb-16 10:45 AM,z,
24-Feb-16 11:37 AM,z,
24-Feb-16 11:53 AM,z,
24-Feb-16 12:05 PM,z,
24-Feb-16 12:51 PM,z,
24-Feb-16 12:57 PM,z,
24-Feb-16 02:09 PM,z,
24-Feb-16 02:17 PM,z,
24-Feb-16 02:35 PM,z,
24-Feb-16 02:37 PM,m,
24-Feb-16 02:57 PM,z,
24-Feb-16 02:59 PM,m,
24-Feb-16 04:15 PM,z,
24-Feb-16 04:17 PM,m,
24-Feb-16 04:37 PM,z,
24-Feb-16 04:39 PM,m,
24-Feb-16 05:31 PM,z,
24-Feb-16 05:59 PM,z,
24-Feb-16 06:49 PM,z,
24-Feb-16 06:57 PM,z,
24-Feb-16 07:23 PM,z,
24-Feb-16 07:39 PM,z,
24-Feb-16 07:53 PM,z,
24-Feb-16 07:59 PM,z,
24-Feb-16 08:15 PM,z,
24-Feb-16 08:29 PM,z,
24-Feb-16 09:45 PM,z,
24-Feb-16 10:05 PM,z,
24-Feb-16 10:23 PM,z,
24-Feb-16 10:31 PM,z,
24-Feb-16 10:43 PM,z,
24-Feb-16 11:05 PM,z,
25-Feb-16 06:57 AM,z,
25-Feb-16 07:49 AM,z,
25-Feb-16 08:03 AM,z,
25-Feb-16 08:05 AM,m,
25-Feb-16 08:15 AM,z,
25-Feb-16 08:17 AM,m,
25-Feb-16 09:21 AM,z,
25-Feb-16 10:49 AM,z,
25-Feb-16 11:03 AM,z,
25-Feb-16 11:29 AM,z,
25-Feb-16 12:39 PM,z,
25-Feb-16 01:27 PM,z,
25-Feb-16 02:19 PM,z,
25-Feb-16 02:25 PM,z,
25-Feb-16 02:43 PM,z,
25-Feb-16 02:49 PM,z,
25-Feb-16 03:21 PM,z,
25-Feb-16 03:37 PM,z,
25-Feb-16 04:11 PM,z,
25-Feb-16 04:21 PM,z,
25-Feb-16 04:35 PM,z,
25-Feb-16 04:49 PM,m,
25-Feb-16 05:17 PM,z,
25-Feb-16 05:19 PM,m,
25-Feb-16 06:47 PM,z,
25-Feb-16 09:33 PM,z,
25-Feb-16 09:57 PM,z,
25-Feb-16 10:53 PM,z,
25-Feb-16 11:13 PM,z,
25-Feb-16 11:15 PM,m,
25-Feb-16 11:39 PM,z,
25-Feb-16 11:41 PM,m,
26-Feb-16 12:01 AM,z,
26-Feb-16 01:01 AM,z,
26-Feb-16 01:15 AM,z,
26-Feb-16 02:09 AM,z,
26-Feb-16 02:25 AM,z,
26-Feb-16 02:31 AM,z,
26-Feb-16 03:09 AM,z,
26-Feb-16 03:15 AM,z,
26-Feb-16 05:25 AM,z,
26-Feb-16 06:19 AM,z,
26-Feb-16 06:43 AM,z,
26-Feb-16 07:19 AM,z,
26-Feb-16 07:31 AM,z,
26-Feb-16 09:15 AM,z,
26-Feb-16 03:03 PM,z,
26-Feb-16 03:11 PM,z,
26-Feb-16 03:49 PM,z,
26-Feb-16 05:05 PM,z,
26-Feb-16 05:31 PM,z,
26-Feb-16 06:41 PM,z,
26-Feb-16 06:49 PM,m,
26-Feb-16 06:53 PM,m,
26-Feb-16 07:03 PM,z,
26-Feb-16 07:05 PM,m,
26-Feb-16 07:25 PM,m,
26-Feb-16 07:45 PM,z,
26-Feb-16 07:57 PM,z,
27-Feb-16 12:45 AM,z,
27-Feb-16 01:07 AM,z,
27-Feb-16 04:35 AM,z,
27-Feb-16 04:51 AM,z,
27-Feb-16 05:29 AM,z,
27-Feb-16 10:41 AM,z,
27-Feb-16 10:47 AM,z,
27-Feb-16 11:03 AM,z,
27-Feb-16 11:41 AM,z,
27-Feb-16 12:05 PM,z,
27-Feb-16 02:21 PM,m,
27-Feb-16 02:31 PM,z,
27-Feb-16 02:33 PM,m,
27-Feb-16 02:45 PM,z,
27-Feb-16 02:47 PM,m,
27-Feb-16 03:13 PM,m,
27-Feb-16 03:59 PM,z,
27-Feb-16 04:19 PM,z,
27-Feb-16 05:37 PM,z,
27-Feb-16 06:33 PM,z,
27-Feb-16 07:07 PM,z,
27-Feb-16 07:19 PM,z,
27-Feb-16 07:47 PM,z,
27-Feb-16 08:03 PM,z,
27-Feb-16 08:09 PM,z,
27-Feb-16 08:25 PM,z,
27-Feb-16 08:53 PM,z,
27-Feb-16 09:11 PM,z,
27-Feb-16 09:35 PM,z,
27-Feb-16 09:51 PM,z,
28-Feb-16 12:01 AM,z,
28-Feb-16 12:15 AM,z,
28-Feb-16 01:25 AM,z,
28-Feb-16 01:43 AM,z,
28-Feb-16 01:59 AM,z,
28-Feb-16 02:11 AM,z,
28-Feb-16 02:17 AM,z,
28-Feb-16 02:41 AM,z,
28-Feb-16 04:05 AM,z,
28-Feb-16 04:17 AM,z,
28-Feb-16 05:13 AM,z,
28-Feb-16 08:21 AM,z,
28-Feb-16 08:33 AM,z,
28-Feb-16 12:13 PM,z,
28-Feb-16 12:39 PM,z,
28-Feb-16 01:23 PM,z,
28-Feb-16 01:31 PM,m,
28-Feb-16 01:39 PM,z,
28-Feb-16 01:41 PM,m,
28-Feb-16 01:53 PM,m,
28-Feb-16 01:55 PM,z,
28-Feb-16 01:57 PM,m,
28-Feb-16 02:39 PM,z,
28-Feb-16 02:51 PM,z,
28-Feb-16 04:15 PM,z,
28-Feb-16 04:39 PM,z,
28-Feb-16 05:07 PM,z,
28-Feb-16 05:41 PM,z,
28-Feb-16 06:05 PM,z,
28-Feb-16 06:19 PM,z,
28-Feb-16 10:39 PM,z,
29-Feb-16 12:21 AM,z,
29-Feb-16 01:39 AM,z,
29-Feb-16 05:55 AM,z,
29-Feb-16 06:03 AM,z,
29-Feb-16 12:01 PM,z,
29-Feb-16 12:29 PM,z,
29-Feb-16 12:35 PM,m,
29-Feb-16 12:39 PM,m,
29-Feb-16 12:57 PM,z,
29-Feb-16 12:59 PM,m,
29-Feb-16 01:27 PM,z,
29-Feb-16 01:29 PM,m,
29-Feb-16 01:57 PM,z,
29-Feb-16 02:59 PM,z,
29-Feb-16 03:43 PM,z,
29-Feb-16 05:35 PM,z,
29-Feb-16 05:53 PM,z,
29-Feb-16 06:43 PM,z,
29-Feb-16 07:03 PM,z,
29-Feb-16 08:31 PM,z,
29-Feb-16 08:45 PM,z,
29-Feb-16 08:51 PM,z,
29-Feb-16 09:23 PM,z,
29-Feb-16 09:53 PM,z,
29-Feb-16 10:37 PM,z,
01-Mar-16 01:13 AM,z,
01-Mar-16 01:47 AM,z,
01-Mar-16 05:57 AM,z,
01-Mar-16 02:37 PM,z,
01-Mar-16 04:03 PM,z,
01-Mar-16 04:51 PM,z,
01-Mar-16 08:35 PM,z,
01-Mar-16 08:51 PM,z,
01-Mar-16 08:57 PM,z,
01-Mar-16 09:35 PM,z,
01-Mar-16 09:47 PM,z,
01-Mar-16 10:49 PM,z,
01-Mar-16 11:07 PM,z,
01-Mar-16 11:59 PM,z,
02-Mar-16 12:07 AM,z,
02-Mar-16 12:37 AM,z,
02-Mar-16 12:43 AM,z,
02-Mar-16 02:29 AM,z,
02-Mar-16 02:39 AM,z,
02-Mar-16 08:59 AM,z,
02-Mar-16 09:05 AM,z,
02-Mar-16 10:09 AM,z,
02-Mar-16 10:11 AM,m,
02-Mar-16 10:21 AM,z,
02-Mar-16 10:23 AM,m,
02-Mar-16 10:35 AM,z,
02-Mar-16 10:37 AM,m,
02-Mar-16 10:45 AM,m,
02-Mar-16 11:31 AM,z,
02-Mar-16 11:43 AM,z,
02-Mar-16 12:57 PM,z,
02-Mar-16 01:35 PM,z,
02-Mar-16 01:37 PM,m,
02-Mar-16 02:17 PM,m,
02-Mar-16 06:39 PM,z,
02-Mar-16 07:57 PM,z,
02-Mar-16 09:19 PM,z,
02-Mar-16 11:11 PM,z,
03-Mar-16 01:23 AM,z,
03-Mar-16 01:51 AM,z,
03-Mar-16 02:13 AM,z,
03-Mar-16 03:55 AM,z,
03-Mar-16 04:01 AM,z,
03-Mar-16 07:13 AM,z,
03-Mar-16 07:29 AM,z,
03-Mar-16 08:01 AM,z,
03-Mar-16 08:09 AM,z,
03-Mar-16 08:49 AM,z,
03-Mar-16 08:57 AM,z,
03-Mar-16 10:33 AM,z,
03-Mar-16 10:45 AM,z,
03-Mar-16 11:37 AM,z,
03-Mar-16 01:31 PM,z,
03-Mar-16 01:53 PM,z,
03-Mar-16 05:07 PM,z,
03-Mar-16 05:45 PM,z,
03-Mar-16 06:01 PM,z,
03-Mar-16 06:27 PM,z,
03-Mar-16 07:25 PM,z,
03-Mar-16 08:13 PM,z,
03-Mar-16 08:31 PM,z,
03-Mar-16 09:11 PM,z,
03-Mar-16 11:15 PM,z,
03-Mar-16 11:53 PM,z,
04-Mar-16 12:17 AM,z,
04-Mar-16 01:19 PM,z,
04-Mar-16 01:57 PM,z,
04-Mar-16 02:15 PM,z,
04-Mar-16 02:25 PM,z,
04-Mar-16 07:41 PM,z,
04-Mar-16 07:43 PM,m,
04-Mar-16 09:03 PM,m,
05-Mar-16 02:13 AM,z,
05-Mar-16 02:59 AM,z,
05-Mar-16 03:09 AM,z,
05-Mar-16 03:37 AM,z,
05-Mar-16 03:43 AM,z,
05-Mar-16 04:47 AM,z,
05-Mar-16 04:53 AM,z,
05-Mar-16 05:11 AM,z,
05-Mar-16 05:19 AM,z,
05-Mar-16 09:07 AM,z,
05-Mar-16 09:17 AM,m,
05-Mar-16 09:25 AM,z,
05-Mar-16 09:27 AM,m,
05-Mar-16 09:45 AM,m,
05-Mar-16 09:49 AM,m,
05-Mar-16 09:55 AM,z,
05-Mar-16 09:57 AM,m,
05-Mar-16 10:17 AM,m,
05-Mar-16 10:21 AM,z,
05-Mar-16 10:49 AM,z,
05-Mar-16 11:33 AM,z,
05-Mar-16 11:55 AM,z,
05-Mar-16 01:53 PM,z,
05-Mar-16 02:15 PM,z,
05-Mar-16 02:49 PM,z,
05-Mar-16 03:03 PM,z,
05-Mar-16 04:11 PM,z,
05-Mar-16 04:39 PM,z,
05-Mar-16 06:57 PM,z,
05-Mar-16 07:09 PM,z,
05-Mar-16 08:43 PM,z,
05-Mar-16 08:55 PM,z,
05-Mar-16 09:51 PM,z,
05-Mar-16 10:05 PM,z,
05-Mar-16 10:23 PM,z,
06-Mar-16 02:07 PM,z,
06-Mar-16 02:09 PM,m,
06-Mar-16 02:57 PM,m,
06-Mar-16 03:23 PM,z,
06-Mar-16 03:41 PM,z,
06-Mar-16 04:29 PM,z,
06-Mar-16 04:47 PM,z,
06-Mar-16 06:47 PM,z,
06-Mar-16 06:59 PM,z,
06-Mar-16 11:05 PM,z,
06-Mar-16 11:17 PM,z,
06-Mar-16 11:49 PM,z,
06-Mar-16 11:57 PM,m,
06-Mar-16 11:59 PM,m,
07-Mar-16 12:13 AM,z,
07-Mar-16 12:41 AM,z,
07-Mar-16 12:55 AM,z,
07-Mar-16 01:17 AM,z,
07-Mar-16 11:11 AM,z,
07-Mar-16 12:11 PM,z,
07-Mar-16 12:39 PM,z,
07-Mar-16 04:11 PM,z,
07-Mar-16 04:27 PM,z,
07-Mar-16 05:05 PM,z,
07-Mar-16 05:59 PM,z,
07-Mar-16 06:09 PM,z,
07-Mar-16 06:35 PM,z,
07-Mar-16 06:55 PM,z,
07-Mar-16 07:31 PM,z,
07-Mar-16 07:57 PM,z,
07-Mar-16 08:13 PM,z,
07-Mar-16 09:09 PM,z,
07-Mar-16 10:29 PM,z,
07-Mar-16 10:51 PM,z,
07-Mar-16 11:11 PM,z,
07-Mar-16 11:13 PM,m,
07-Mar-16 11:17 PM,z,
07-Mar-16 11:19 PM,m,
07-Mar-16 11:27 PM,m,
07-Mar-16 11:29 PM,m,
07-Mar-16 11:31 PM,z,
07-Mar-16 11:45 PM,z,
08-Mar-16 01:47 AM,z,
08-Mar-16 02:01 AM,z,
08-Mar-16 02:13 AM,z,
08-Mar-16 02:19 AM,z,
08-Mar-16 10:15 AM,z,
08-Mar-16 10:33 AM,z,
08-Mar-16 10:55 AM,z,
08-Mar-16 12:37 PM,z,
08-Mar-16 12:51 PM,z,
08-Mar-16 02:35 PM,z,
08-Mar-16 02:47 PM,z,
08-Mar-16 02:53 PM,z,
08-Mar-16 03:07 PM,z,
08-Mar-16 03:39 PM,z,
08-Mar-16 03:51 PM,z,
08-Mar-16 06:09 PM,z,
08-Mar-16 06:45 PM,z,
08-Mar-16 08:37 PM,z,
08-Mar-16 08:51 PM,z,
08-Mar-16 10:15 PM,z,
08-Mar-16 10:45 PM,z,
08-Mar-16 11:03 PM,z,
08-Mar-16 11:37 PM,z,
09-Mar-16 12:21 AM,z,
09-Mar-16 12:47 AM,z,
09-Mar-16 12:49 AM,m,
09-Mar-16 12:55 AM,z,
09-Mar-16 12:57 AM,m,
09-Mar-16 01:11 AM,z,
09-Mar-16 01:31 AM,z,
09-Mar-16 10:27 AM,z,
09-Mar-16 11:35 AM,z,
09-Mar-16 11:49 AM,z,
09-Mar-16 03:43 PM,z,
09-Mar-16 04:47 PM,z,
09-Mar-16 07:47 PM,z,
09-Mar-16 08:47 PM,z,
09-Mar-16 09:01 PM,z,
09-Mar-16 09:51 PM,z,
09-Mar-16 09:59 PM,z,
09-Mar-16 10:51 PM,z,
09-Mar-16 10:59 PM,z,
10-Mar-16 12:13 AM,z,
10-Mar-16 12:19 AM,z,
10-Mar-16 06:51 AM,z,
10-Mar-16 07:31 AM,z,
10-Mar-16 08:05 AM,z,
10-Mar-16 08:11 AM,z,
10-Mar-16 10:23 AM,z,
10-Mar-16 10:29 AM,z,
10-Mar-16 10:55 AM,z,
10-Mar-16 11:19 AM,z,
10-Mar-16 11:35 AM,z,
10-Mar-16 11:43 AM,z,
10-Mar-16 11:55 AM,z,
10-Mar-16 12:01 PM,z,
10-Mar-16 01:03 PM,z,
10-Mar-16 01:13 PM,z,
10-Mar-16 01:29 PM,z,
10-Mar-16 02:01 PM,z,
10-Mar-16 02:33 PM,z,
10-Mar-16 02:39 PM,z,
10-Mar-16 02:51 PM,z,
10-Mar-16 03:03 PM,z,
10-Mar-16 04:23 PM,z,
10-Mar-16 04:39 PM,z,
10-Mar-16 05:11 PM,z,
10-Mar-16 05:49 PM,z,
10-Mar-16 06:33 PM,z,
10-Mar-16 06:59 PM,z,
10-Mar-16 07:43 PM,z,
10-Mar-16 07:51 PM,z,
10-Mar-16 09:11 PM,z,
10-Mar-16 09:19 PM,m,
10-Mar-16 09:27 PM,z,
10-Mar-16 09:29 PM,m,
10-Mar-16 09:43 PM,m,
10-Mar-16 09:45 PM,z,
10-Mar-16 09:47 PM,m,
10-Mar-16 10:17 PM,z,
10-Mar-16 10:47 PM,z,
10-Mar-16 10:53 PM,z,
11-Mar-16 07:01 AM,z,
11-Mar-16 07:27 AM,z,
11-Mar-16 08:13 AM,z,
11-Mar-16 09:39 AM,z,
11-Mar-16 10:01 AM,z,
11-Mar-16 10:39 AM,z,
11-Mar-16 11:01 AM,z,
11-Mar-16 12:57 PM,z,
11-Mar-16 01:19 PM,z,
11-Mar-16 02:49 PM,z,
11-Mar-16 03:03 PM,m,
11-Mar-16 03:07 PM,m,
11-Mar-16 03:57 PM,z,
11-Mar-16 03:59 PM,m,
11-Mar-16 05:17 PM,m,
11-Mar-16 06:25 PM,z,
11-Mar-16 06:37 PM,z,
11-Mar-16 07:39 PM,m,
11-Mar-16 08:17 PM,z,
11-Mar-16 08:19 PM,m,
11-Mar-16 09:49 PM,z,
11-Mar-16 09:51 PM,m,
11-Mar-16 10:11 PM,z,
11-Mar-16 10:13 PM,m,
11-Mar-16 10:23 PM,z,
11-Mar-16 10:57 PM,z,
12-Mar-16 12:57 AM,z,
12-Mar-16 01:07 AM,z,
12-Mar-16 01:43 AM,z,
12-Mar-16 01:49 AM,z,
12-Mar-16 06:01 AM,z,
12-Mar-16 06:09 AM,z,
12-Mar-16 09:27 AM,z,
12-Mar-16 10:23 AM,z,
12-Mar-16 02:01 PM,z,